test_set,label_fraction,case_id,top_1pct_pressure_zone_rel_l2_percent,top_0p5pct_pressure_zone_rel_l2_percent
Interp.,0.1%,ti_006,10.08165079,13.48928865
Interp.,0.1%,ti_009,0.94659877,0.94187057
Interp.,0.1%,ti_012,3.20584578,1.92202174
Interp.,0.1%,tr_009,0.99176964,0.98729700
Interp.,0.1%,tr_010,6.88189276,8.94001411
Interp.,0.1%,tr_016,1.00731853,0.99429835
Interp.,0.1%,tr_021,0.96367385,0.95833467
Interp.,0.1%,tr_032,5.21050070,5.42821133
Interp.,1%,ti_006,2.57669741,3.46954100
Interp.,1%,ti_009,0.30572406,0.23736177
Interp.,1%,ti_012,1.52185430,1.19712133
Interp.,1%,tr_009,0.33865230,0.30360267
Interp.,1%,tr_010,1.69308878,2.24431271
Interp.,1%,tr_016,0.34516596,0.25813617
Interp.,1%,tr_021,0.30590716,0.25912866
Interp.,1%,tr_032,1.92353959,2.48383122
Interp.,100%,ti_006,2.45505059,3.23871856
Interp.,100%,ti_009,0.73058064,0.66207035
Interp.,100%,ti_012,0.91251266,0.73036566
Interp.,100%,tr_009,0.63089683,0.55401286
Interp.,100%,tr_010,1.43832334,1.80952995
Interp.,100%,tr_016,0.61922716,0.55725812
Interp.,100%,tr_021,0.56580164,0.47536777
Interp.,100%,tr_032,1.44769621,1.58911143
Extrap.,0.1%,te_001,5.80592995,7.53363110
Extrap.,0.1%,te_002,0.88664524,0.85812235
Extrap.,0.1%,te_003,1.08176449,1.02519631
Extrap.,0.1%,te_004,6.30668875,7.81999288
Extrap.,0.1%,te_005,1.08470551,1.03501585
Extrap.,0.1%,te_006,8.60620021,10.09113692
Extrap.,0.1%,te_007,0.96749261,0.88767343
Extrap.,0.1%,te_008,11.92089446,15.95911793
Extrap.,1%,te_001,3.32895997,4.22647108
Extrap.,1%,te_002,0.30198555,0.27559588
Extrap.,1%,te_003,0.37960616,0.31262513
Extrap.,1%,te_004,1.59039616,2.05573141
Extrap.,1%,te_005,0.42074118,0.34829742
Extrap.,1%,te_006,2.84315818,3.49677143
Extrap.,1%,te_007,0.46446921,0.33260616
Extrap.,1%,te_008,5.90587664,7.89464620
Extrap.,100%,te_001,3.45353216,4.41081931
Extrap.,100%,te_002,0.48278794,0.34693766
Extrap.,100%,te_003,0.70776125,0.60748734
Extrap.,100%,te_004,2.87910366,3.62462044
Extrap.,100%,te_005,0.65268390,0.56460543
Extrap.,100%,te_006,1.41741610,1.64694287
Extrap.,100%,te_007,1.02270396,0.86771898
Extrap.,100%,te_008,4.59422548,6.13920646
