test_set,label_fraction,case_id,pressure_rel_l2_percent,film_rel_l2_percent,load_error_percent,minimum_film_error_percent,maximum_pressure_error_percent
Interp.,0.1%,ti_006,6.77141696,0.39920988,0.51914269,11.57403751,13.44237404
Interp.,0.1%,ti_009,2.96931025,0.05226586,1.51081786,1.16767059,1.19465620
Interp.,0.1%,ti_012,4.85947654,0.04176875,1.16046331,1.25199737,1.32315661
Interp.,0.1%,tr_009,3.10882125,0.08108788,1.59858579,1.26480073,1.10285393
Interp.,0.1%,tr_010,5.05156219,0.58297701,0.69904988,15.35559815,4.78465926
Interp.,0.1%,tr_016,3.87608558,0.16045298,1.34438892,4.85751309,1.04115146
Interp.,0.1%,tr_021,3.54275182,0.15621221,1.49247880,3.82842476,1.13504530
Interp.,0.1%,tr_032,5.08690253,0.22082839,0.99394329,4.67850705,3.63735123
Interp.,1%,ti_006,3.12592350,0.37927940,0.17253336,9.69720961,5.21271291
Interp.,1%,ti_009,1.13639766,0.11448179,0.68293063,1.49920014,0.14019546
Interp.,1%,ti_012,1.59530975,0.09789269,0.43691860,1.16812839,0.01674496
Interp.,1%,tr_009,1.54417027,0.11889167,0.88976014,1.83526480,0.33071096
Interp.,1%,tr_010,1.61384735,0.62942742,0.13052770,15.09788089,2.80019923
Interp.,1%,tr_016,1.32275568,0.20098789,0.68110925,6.00951654,0.13917942
Interp.,1%,tr_021,1.89694352,0.20233113,0.81880586,3.83022801,0.25044278
Interp.,1%,tr_032,1.58304106,0.06260722,0.47950483,0.35964825,4.44507252
Interp.,100%,ti_006,2.45754402,0.12357383,0.47700043,3.26452317,8.94039250
Interp.,100%,ti_009,1.34305265,0.09883522,1.32421709,1.00248510,0.82310930
Interp.,100%,ti_012,1.45637663,0.04048772,1.12032456,3.75669139,0.47190353
Interp.,100%,tr_009,1.39211072,0.17294196,1.32743866,3.11927200,0.96873246
Interp.,100%,tr_010,1.47330184,0.37327546,0.83528938,9.69043799,5.04039871
Interp.,100%,tr_016,1.16886729,0.03136955,1.20575884,2.36643719,0.65974338
Interp.,100%,tr_021,1.50489602,0.20910876,1.29143218,3.98530766,0.67722170
Interp.,100%,tr_032,1.35589568,0.13384668,0.99938468,1.95995462,4.14695129
Extrap.,0.1%,te_001,8.41063857,0.10955266,1.03440078,6.66770283,4.64792900
Extrap.,0.1%,te_002,4.13025618,0.12140515,1.44437150,0.68331931,1.05381333
Extrap.,0.1%,te_003,3.70160118,0.57540908,1.70487492,29.16793677,1.36016484
Extrap.,0.1%,te_004,4.82627712,0.16054687,0.73209661,2.84114978,1.62921487
Extrap.,0.1%,te_005,4.08592895,0.20688814,1.44048968,7.97053835,0.87712187
Extrap.,0.1%,te_006,6.12966940,0.12732731,0.79603856,3.52797494,4.39739374
Extrap.,0.1%,te_007,3.48541327,0.35308995,2.07690394,13.48576644,0.87343419
Extrap.,0.1%,te_008,8.66737589,0.04250363,0.65391371,1.55847497,20.86094741
Extrap.,1%,te_001,5.40912561,0.45221173,0.05785449,12.33438833,1.07466524
Extrap.,1%,te_002,2.88838670,0.18040176,0.79091592,0.39363067,0.32628643
Extrap.,1%,te_003,1.74787268,0.50393217,0.85881939,25.37644413,0.19169744
Extrap.,1%,te_004,1.61460061,0.28928905,0.25233274,6.55124375,0.34722568
Extrap.,1%,te_005,1.60078183,0.22405533,0.73873328,10.20605089,0.21967521
Extrap.,1%,te_006,2.51160394,0.14571834,0.05968725,4.88009361,0.78247575
Extrap.,1%,te_007,1.72861349,0.33130217,0.88821197,16.73986531,0.03041362
Extrap.,1%,te_008,3.92045341,0.15473381,0.24108013,4.62286322,5.41177554
Extrap.,100%,te_001,4.80865464,0.13967028,0.99892933,6.55582559,5.51263404
Extrap.,100%,te_002,1.85290147,0.16711070,1.27410627,1.18256563,0.40828431
Extrap.,100%,te_003,1.33748297,0.37846216,1.32067678,22.91796670,1.21252290
Extrap.,100%,te_004,2.37074029,0.26405058,0.97255342,5.05925969,6.06241760
Extrap.,100%,te_005,1.35831973,0.20999173,1.26824369,11.54731440,0.72160648
Extrap.,100%,te_006,1.42433681,0.09323083,1.09433569,3.52263857,5.20215794
Extrap.,100%,te_007,1.93336010,0.14894356,1.94196217,12.28371947,1.03137471
Extrap.,100%,te_008,3.18236612,0.24566350,0.00156234,7.64812690,15.99545586
